{
  "seed": 42,
  "samplerate_interview": 44100,
  "samplerate_noise": 48000,
  "child_band_summary_interview_db": {
    "crying": {
      "mean_db": -57.04515504409636,
      "p95_db": -42.73642523671462,
      "p50_db": -85.35124504438585
    },
    "screaming": {
      "mean_db": -80.8653780420188,
      "p95_db": -68.6135120161203,
      "p50_db": -132.77486136186036
    },
    "harmonics": {
      "mean_db": -101.05043031914298,
      "p95_db": -88.55509070382993,
      "p50_db": -151.74303512736435
    }
  },
  "child_band_summary_noise_db": {
    "crying": {
      "mean_db": -57.89511709775667,
      "p95_db": -46.636882631464,
      "p50_db": -67.58969756934036
    },
    "screaming": {
      "mean_db": -70.90723720298396,
      "p95_db": -57.73251325922678,
      "p50_db": -83.25895241470528
    },
    "harmonics": {
      "mean_db": -81.13085930005661,
      "p95_db": -69.37720012607734,
      "p50_db": -91.12762597610234
    }
  },
  "noise_profile_time_mean_mag": [
    0.00022343568408871836,
    0.00020194823624928378,
    0.0002052769607579638,
    0.00020575897395961972,
    0.00020396172550335643,
    0.00017971771112964746,
    0.00015303659158262317,
    9.16381720675854e-05,
    6.723715744502056e-05,
    5.567894111017384e-05,
    5.103694183010076e-05,
    4.68943368487822e-05,
    3.730718016706796e-05,
    3.5736780337700223e-05,
    4.082353731523941e-05,
    4.957675989508728e-05,
    5.226400252457425e-05,
    5.829224502572068e-05,
    8.081768847178609e-05,
    9.887115444850334e-05,
    7.478194565425636e-05,
    4.147618862560231e-05,
    3.454038558102266e-05,
    3.6508109187633215e-05,
    3.558387974146043e-05,
    3.263539390699563e-05,
    2.9866165644032763e-05,
    2.951228536485918e-05,
    2.9708840453264198e-05,
    2.727505539125065e-05,
    2.616608880796665e-05,
    2.3883884191741242e-05,
    2.3712959213991618e-05,
    2.9689652438790734e-05,
    3.299212052544543e-05,
    3.46008284425027e-05,
    4.1318343014780425e-05,
    3.611781281019943e-05,
    3.225506764646917e-05,
    3.637712608822944e-05,
    3.70489299376479e-05,
    4.2290391334379564e-05,
    3.7105204469148716e-05,
    3.3939128458765016e-05,
    3.662808835263844e-05,
    4.0748143775416726e-05,
    4.0724926579677174e-05,
    3.293483148783343e-05,
    2.9021675578043925e-05,
    3.632957128833568e-05,
    3.4450369347416174e-05,
    3.1189123092087266e-05,
    2.9781988986223447e-05,
    3.0336860063927906e-05,
    3.570247820943236e-05,
    4.5095807402696914e-05,
    5.100759984820641e-05,
    4.262022613278508e-05,
    3.964277983634662e-05,
    4.1026073603703234e-05,
    4.519812453430537e-05,
    3.6210389233231645e-05,
    3.4792872200635726e-05,
    3.180184765759982e-05,
    2.6193268487278184e-05,
    2.872500040680662e-05,
    3.635898079865397e-05,
    3.597479871331849e-05,
    3.252655071193605e-05,
    2.9897242622615075e-05,
    3.322808593001865e-05,
    3.4766760509778185e-05,
    4.428926227636929e-05,
    4.5971471672107605e-05,
    4.911504598299326e-05,
    5.183204827628019e-05,
    4.477667458250045e-05,
    4.442578384745217e-05,
    4.712418359052525e-05,
    4.6457322347195254e-05,
    4.835883468718096e-05,
    5.033878435182887e-05,
    5.514750340017891e-05,
    4.575813325318246e-05,
    4.086229499551164e-05,
    3.9517786851000305e-05,
    4.183460832834988e-05,
    4.244984209673984e-05,
    4.255804639170364e-05,
    5.0607144728759195e-05,
    6.973976141114113e-05,
    0.00010342544429203974,
    0.00010393669808181549,
    4.476892177694996e-05,
    3.226194373934794e-05,
    2.4410259377235793e-05,
    2.0188337822022106e-05,
    2.231150974547133e-05,
    1.8404409722414107e-05,
    1.523466033846831e-05,
    1.4497181066368764e-05,
    1.48022136333087e-05,
    1.85123091273148e-05,
    1.7315283933500883e-05,
    1.722796613306949e-05,
    1.4728777332121745e-05,
    1.5792847055504688e-05,
    1.8744496288313856e-05,
    1.8500093737163755e-05,
    1.904889671352786e-05,
    1.699794715594619e-05,
    1.6431476434637638e-05,
    1.605023709181721e-05,
    1.5028660785483994e-05,
    1.4534592196444731e-05,
    1.8115273195448748e-05,
    2.0425868690707002e-05,
    1.8289956078803276e-05,
    2.0543069614060464e-05,
    1.862518332138667e-05,
    1.3621185468028297e-05,
    1.7860515967394493e-05,
    2.3178278092521837e-05,
    2.0607607675261457e-05,
    2.157411494241467e-05,
    2.3112950810058794e-05,
    2.2018788360925063e-05,
    1.5371554145836408e-05,
    1.2565005554583787e-05,
    1.5084582671117957e-05,
    1.8161627387284724e-05,
    1.7297501474099714e-05,
    1.862502778853231e-05,
    2.1642901791307526e-05,
    2.7436314343037446e-05,
    2.3053196084852617e-05,
    1.9888167651031306e-05,
    1.9918081271389932e-05,
    1.7814103708524955e-05,
    1.3367815439206977e-05,
    1.7427204549045255e-05,
    2.247342646871963e-05,
    2.2974109595564768e-05,
    1.6146152104608437e-05,
    1.935404799888553e-05,
    2.1668290618498464e-05,
    2.2195191143597437e-05,
    2.8603091225852566e-05,
    3.8201770797291725e-05,
    3.564586469865098e-05,
    5.077915395490806e-05,
    5.451133719547405e-05,
    5.618855287193914e-05,
    5.636370483447851e-05,
    6.221737871796133e-05,
    8.877507368472525e-05,
    0.00010879021322361847,
    0.00010070088928755987,
    7.915348272950018e-05,
    5.018825162835294e-05,
    4.022878445971982e-05,
    4.360941494896557e-05,
    4.3220768794441414e-05,
    3.954875372903849e-05,
    4.0855886976664846e-05,
    4.295453901218095e-05,
    4.4327096998922435e-05,
    4.07295633072802e-05,
    3.844778796250345e-05,
    3.751562536384079e-05,
    3.802226694584483e-05,
    3.596132717666214e-05,
    4.037436848113357e-05,
    4.1451136490027844e-05,
    4.604618346492963e-05,
    4.6951853685807387e-05,
    4.316537257582683e-05,
    4.415839134310977e-05,
    4.536766105167848e-05,
    4.568264806323449e-05,
    4.0260765408615155e-05,
    4.014719082621559e-05,
    4.4593152958256505e-05,
    4.5591308727373525e-05,
    4.35372750507205e-05,
    4.439914343482749e-05,
    4.2797210552538224e-05,
    4.5860706904830345e-05,
    6.548179657792528e-05,
    8.6621240309453e-05,
    8.861273811111563e-05,
    9.743028357279023e-05,
    0.0001081784033009507,
    9.584915052161654e-05,
    6.95866089999425e-05,
    5.198979155214386e-05,
    4.6454440874053315e-05,
    5.109343725234692e-05,
    5.6028089325817637e-05,
    6.511360873963587e-05,
    7.44214426772289e-05,
    7.471353367868787e-05,
    6.523615024536778e-05,
    5.6116129092707325e-05,
    5.661357779175802e-05,
    5.0844717075763056e-05,
    4.7099035013410246e-05,
    4.785022921880475e-05,
    5.426872096988594e-05,
    8.794467654620306e-05,
    0.00013957918255080615,
    0.0001988587588545254,
    0.00028970548601250196,
    0.00034400815975151424,
    0.00021447781706111625,
    0.00013821267384226565,
    0.00013637699695075674,
    0.0001348019214436471,
    0.00012940257342760602,
    0.00010430913095719108,
    8.966302780465555e-05,
    7.818079663865847e-05,
    8.192694235672294e-05,
    0.00010885255816839617,
    0.00012161968432643717,
    0.00012491365476444282,
    0.00011486964808275466,
    9.754562679395646e-05,
    0.00010947057738230705,
    9.112824365472803e-05,
    4.6769749051065395e-05,
    4.836929563742361e-05,
    4.735265416934207e-05,
    4.8389937367611435e-05,
    5.5973681362414556e-05,
    6.215981913735365e-05,
    8.454935405591647e-05,
    0.00011387426405806605,
    0.00016591988263271894,
    0.00021112359439413034,
    0.00024366501941133631,
    0.00025269922560406435,
    0.00022865198906872483,
    0.00021261283943739044,
    0.00022564729298152813,
    0.0001987630207657908,
    0.00015290182617452549,
    0.00011624200969163546,
    9.948364818211192e-05,
    8.374971612250594e-05,
    9.160513898117789e-05,
    0.0001110135192348499,
    0.00014000540196023532,
    0.00013734336230185847,
    0.00013382079755994708,
